Workbook

Sheet Instrucciones
A2: Plantilla de productos — CaterTrack
A4: Cómo usar este archivo
A5: 1. | B5: Ve a la pestaña "Productos" y llena una fila por cada repuesto. La fila 2 ya tiene un ejemplo real de referencia — puedes dejarla o reemplazarla.
A6: 2. | B6: "Categoría" y "Subcategoría" tienen lista desplegable: haz clic en la celda y elige, no escribas el texto a mano. La lista de "Subcategoría" cambia según la "Categoría" elegida en esa misma fila.
A7: 3. | B7: Ya hay 2.000 filas preparadas con las listas desplegables listas. Si necesitas más: selecciona la fila 2000 completa (columnas A a J) y arrastra el controlador de relleno (la esquina inferior derecha de la selección) hacia abajo.
A8: 4. | B8: Cuando termines, devuélveme este mismo archivo (agrégalo a la conversación) y yo cargo los productos al catálogo.
A9: Columnas de la hoja "Productos"
A10: Categoría | B10: Obligatorio. Elige de la lista desplegable — las 11 categorías del catálogo (ver hoja "Categorías y subcategorías").
A11: Subcategoría | B11: Obligatorio. Elige de la lista desplegable — depende de la Categoría elegida en la misma fila.
A12: Nombre del producto | B12: Obligatorio. El título que va a ver el cliente, ej. "Cadena para Excavadoras CAT 309, 309 LC y 310".
A13: Marca | B13: La marca propia con la que se vende el repuesto (hasta ahora siempre "VemaTRACK" en Cadenas) — escribe la que corresponda.
A14: Marca(s) de equipo | B14: La(s) marca(s) de la MAQUINARIA donde aplica el repuesto — CAT, Komatsu, Case, etc. Si son varias, sepáralas con coma: "Case, Cat, Doosan".
A15: Aplicaciones / Modelos | B15: Modelos de máquina donde aplica, separados por coma (ej. "309, 309 LC, 310"), o una categoría genérica si no aplica un modelo puntual (ej. "Excavadoras"). Puede quedar vacío si vas a llenar Referencia.
A16: Referencia | B16: El código de fábrica del repuesto (ej. "514-0908 / KM3041"), si lo tienes. Puede quedar vacío si vas a llenar Aplicaciones / Modelos.
A17: Descripción | B17: Texto que se muestra en la página del producto: 1-3 frases con qué es, dónde aplica, y qué lo hace confiable.
A18: Foto (URL) | B18: El link directo a la imagen en Cloudflare (la carpeta pub-....r2.dev que ya vienen usando). Se puede dejar vacío por ahora si la foto no está lista.
A19: Disponibilidad | B19: Cómo se muestra la disponibilidad en la página. Hasta ahora se ha usado "Por pedido" para todo el catálogo — escribe eso, o un número si de verdad hay stock inmediato.
A20: Sobre "Referencia" vs. "Aplicaciones / Modelos"
A22: No necesitas llenar
A23: URL del producto | B23: Yo genero automáticamente la dirección web de cada producto a partir del Nombre cuando lo cargue al catálogo — no hace falta que la escribas en ningún lado.

Sheet Categorías y subcategorías
A1: Categoría | B1: Subcategoría | D1: No editar: tablas de apoyo para las listas desplegables ↓
A2: Tren de rodaje | B2: Cadenas | E2: tren_de_rodaje | F2: repuestos_motor | G2: herramientas_de_corte | H2: inyeccion | I2: tren_de_fuerza | J2: partes_hidraulicas | K2: ajuste | L2: lubricantes | M2: monitores | N2: llantas | O2: miscelaneos | Q2: Categoría | R2: clave
A3: Tren de rodaje | B3: Orugas de goma | E3: Cadenas | F3: Culata | G3: Cuchillas | H3: Inyectores | I3: Embragues | J3: Mangueras | K3: Kit de tornillos | L3: Aceites | M3: Pantallas | N3: Neumáticos | O3: Accesorios | Q3: Tren de rodaje | R3: tren_de_rodaje
A4: Tren de rodaje | B4: Tejas | E4: Orugas de goma | F4: Válvulas | G4: Puntas | H4: Bombas | I4: Transmisiones | J4: Cilindros | K4: Bujes | L4: Filtros de aceite | M4: Sensores | N4: Cámaras | O4: Componentes | Q4: Partes de motor | R4: repuestos_motor
A5: Tren de rodaje | B5: Rodillos inferiores | E5: Tejas | F5: Pistones | H5: Filtros | K5: Pasadores | Q5: Herramientas de corte | R5: herramientas_de_corte
A6: Tren de rodaje | B6: Rodillos superiores | E6: Rodillos inferiores | Q6: Inyección | R6: inyeccion
A7: Tren de rodaje | B7: Ruedas guías | E7: Rodillos superiores | Q7: Tren de fuerza | R7: tren_de_fuerza
A8: Tren de rodaje | B8: Sprockets | E8: Ruedas guías | Q8: Partes Hidráulicas | R8: partes_hidraulicas
A9: Tren de rodaje | B9: Resorte tensor | E9: Sprockets | Q9: Herramientas de Ajuste | R9: ajuste
A10: Partes de motor | B10: Culata | E10: Resorte tensor | Q10: Filtros y Lubricantes | R10: lubricantes
A11: Partes de motor | B11: Válvulas | Q11: Partes Eléctricas | R11: monitores
A12: Partes de motor | B12: Pistones | Q12: Llantas y Rines | R12: llantas
A13: Herramientas de corte | B13: Cuchillas | Q13: Misceláneos | R13: miscelaneos
A14: Herramientas de corte | B14: Puntas
A15: Inyección | B15: Inyectores
A16: Inyección | B16: Bombas
A17: Inyección | B17: Filtros
A18: Tren de fuerza | B18: Embragues
A19: Tren de fuerza | B19: Transmisiones
A20: Partes Hidráulicas | B20: Mangueras
A21: Partes Hidráulicas | B21: Cilindros
A22: Herramientas de Ajuste | B22: Kit de tornillos
A23: Herramientas de Ajuste | B23: Bujes
A24: Herramientas de Ajuste | B24: Pasadores
A25: Filtros y Lubricantes | B25: Aceites
... A32: Misceláneos | B32: Componentes

Sheet Productos
A1: Categoría | B1: Subcategoría | C1: Nombre del producto | D1: Marca | E1: Marca(s) de equipo | F1: Aplicaciones / Modelos | G1: Referencia | H1: Descripción | I1: Foto (URL) | J1: Disponibilidad | K1: clave (no editar)
A2: Tren de rodaje | B2: Cadenas | C2: Cadena para excavadoras referencia 514-0908 / KM3041 – 44 Eslabones | D2: VemaTRACK | E2: Cat | G2: 514-0908 / KM3041 | H2: Cadena para tren de rodaje de 44 eslabones, funciona en excavadoras Caterpillar. Fabricada en acero para trabajos de alta exigencia y resistencia al desgaste. | I2: https://pub-b292fed2f5f049b0bed95ee1480db59b.r2.dev/Cadenas/cadena-5140908-km3041.svg | J2: Por pedido | K2: =IFERROR(INDEX('Categorías y subcategorías'!$R$3:$R$13,MATCH(A2,'Categorías y subcategorías'!$Q$3:$Q$13,0)),"") -> tren_de_rodaje | L2: ← fila de ejemplo, ya cargada tal cual en el catálogo
K3: =IFERROR(INDEX('Categorías y subcategorías'!$R$3:$R$13,MATCH(A3,'Categorías y subcategorías'!$Q$3:$Q$13,0)),"")
K4: =IFERROR(INDEX('Categorías y subcategorías'!$R$3:$R$13,MATCH(A4,'Categorías y subcategorías'!$Q$3:$Q$13,0)),"")
K5: =IFERROR(INDEX('Categorías y subcategorías'!$R$3:$R$13,MATCH(A5,'Categorías y subcategorías'!$Q$3:$Q$13,0)),"")
K6: =IFERROR(INDEX('Categorías y subcategorías'!$R$3:$R$13,MATCH(A6,'Categorías y subcategorías'!$Q$3:$Q$13,0)),"")
K7: =IFERROR(INDEX('Categorías y subcategorías'!$R$3:$R$13,MATCH(A7,'Categorías y subcategorías'!$Q$3:$Q$13,0)),"")
K8: =IFERROR(INDEX('Categorías y subcategorías'!$R$3:$R$13,MATCH(A8,'Categorías y subcategorías'!$Q$3:$Q$13,0)),"")
K9: =IFERROR(INDEX('Categorías y subcategorías'!$R$3:$R$13,MATCH(A9,'Categorías y subcategorías'!$Q$3:$Q$13,0)),"")
K10: =IFERROR(INDEX('Categorías y subcategorías'!$R$3:$R$13,MATCH(A10,'Categorías y subcategorías'!$Q$3:$Q$13,0)),"")
K11: =IFERROR(INDEX('Categorías y subcategorías'!$R$3:$R$13,MATCH(A11,'Categorías y subcategorías'!$Q$3:$Q$13,0)),"")
K12: =IFERROR(INDEX('Categorías y subcategorías'!$R$3:$R$13,MATCH(A12,'Categorías y subcategorías'!$Q$3:$Q$13,0)),"")
K13: =IFERROR(INDEX('Categorías y subcategorías'!$R$3:$R$13,MATCH(A13,'Categorías y subcategorías'!$Q$3:$Q$13,0)),"")
K14: =IFERROR(INDEX('Categorías y subcategorías'!$R$3:$R$13,MATCH(A14,'Categorías y subcategorías'!$Q$3:$Q$13,0)),"")
... K2001: =IFERROR(INDEX('Categorías y subcategorías'!$R$3:$R$13,MATCH(A2001,'Categorías y subcategorías'!$Q$3:$Q$13,0)),"")
A2004: ¿Necesitas más de 2000 filas? Selecciona la fila 2001 completa (A:J) y arrastra el controlador de relleno hacia abajo — eso copia también las listas desplegables.
